{"stats":{"minecraft:mined":{"minecraft:oak_leaves":2},"minecraft:custom":{"minecraft:time_since_rest":152181,"minecraft:sprint_one_cm":32619,"minecraft:damage_taken":60,"minecraft:walk_one_cm":164890,"minecraft:mob_kills":2,"minecraft:drop":2,"minecraft:damage_dealt":34,"minecraft:fly_one_cm":695043,"minecraft:crouch_one_cm":3604,"minecraft:play_time":152181,"minecraft:sneak_time":3014,"minecraft:jump":429,"minecraft:leave_game":3,"minecraft:walk_on_water_one_cm":1333,"minecraft:time_since_death":152181,"minecraft:total_world_time":152181,"minecraft:fall_one_cm":3078},"minecraft:killed":{"naturalist:butterfly":1,"minecraft:rabbit":1},"minecraft:picked_up":{"minecraft:azure_bluet":23,"minecraft:dandelion":24,"framedblocks:framed_torch":4,"minecraft:diorite":5,"minecraft:dirt":447,"minecraft:rabbit_foot":1,"minecraft:arrow":2,"minecraft:rotten_flesh":2,"twilightforest:empty_canopy_bookshelf":1,"minecraft:wheat_seeds":20,"minecraft:rabbit_hide":1,"minecraft:rabbit":1,"minecraft:stripped_birch_wood":4,"minecraft:cobblestone":100},"minecraft:dropped":{"minecraft:wheat_seeds":20,"twilightforest:empty_canopy_bookshelf":1},"minecraft:used":{"twilightforest:canopy_bookshelf":1,"biomesoplenty:mahogany_planks":6,"minecraft:water_bucket":83,"twilightforest:transformation_door":2,"cfm:post_box":1,"twilightforest:mining_log":2,"securitycraft:reinforced_light_gray_stained_glass":12,"framedblocks:framed_torch":21,"twilightforest:knightmetal_block":2,"securitycraft:reinforced_brown_stained_glass":32,"minecraft:grass_block":862,"twilightforest:time_wood":3,"minecraft:oak_planks":3,"twilightforest:twilight_oak_planks":26,"securitycraft:reinforced_brown_stained_glass_pane":6,"cfm:birch_mail_box":1,"minecraft:redstone_block":1,"twilightforest:mining_door":2,"twilightforest:stripped_time_wood":139,"framedblocks:framed_divided_stairs":93,"minecraft:mud_bricks":337,"cfm:stripped_mangrove_mail_box":1,"twilightforest:hollow_mining_log":4,"minecraft:redstone_lamp":2,"framedblocks:framed_double_half_slope":32,"minecraft:fire_charge":45,"minecraft:dirt":181,"twilightforest:twilight_oak_wood":47,"twilightforest:sorting_banister":29,"twilightforest:underbrick":2,"minecraft:tnt":123,"cfm:stripped_crimson_chair":6,"cfm:stripped_mangrove_park_bench":3,"twilightforest:time_log_core":3,"twilightforest:twilight_oak_log":393,"minecraft:bucket":140,"cfm:stripped_warped_mail_box":1,"twilightforest:sorting_door":3,"dramaticdoors:tall_bop_palm_door":6,"twilightforest:time_leaves":28,"cfm:purple_sofa":25,"minecraft:cherry_log":10,"cfm:stripped_crimson_table":3,"cfm:stripped_acacia_mail_box":1,"biomesoplenty:jacaranda_planks":330}},"DataVersion":3465}